horizon,feature_name,feature_label_ko,feature_group,feature_group_ko,source_table,n_obs,pearson_all,spearman_all,spearman_train,spearman_valid,spearman_test,split_ic_std,abs_spearman_all
30d,epsis_power_supply_daily__minimum_demand_mw,EPSIS 전력수급 최저수요(MW),power_epsis,전력/EPSIS,raw.epsis_power_supply_daily,79,0.42812535560721415,0.45334554111351505,,,0.45334554111351505,0.0,0.45334554111351505
30d,epsis_fuel_cost_monthly__fuel_cost_lng_krw_per_kwh,EPSIS 발전연료비 발전연료비(LNG),power_epsis,전력/EPSIS,raw.epsis_fuel_cost_monthly,2094,-0.16652008160416468,-0.21898769620285827,-0.029811604715011823,0.037937914720015266,-0.4391482084869684,0.21075462866352584,0.21898769620285827
30d,epsis_fuel_cost_monthly__heat_price_lng_krw_per_gcal,EPSIS 발전연료비 열량단가(LNG),power_epsis,전력/EPSIS,raw.epsis_fuel_cost_monthly,2094,-0.16637996606634167,-0.21881598749149783,-0.03095246159387532,0.04467217188026377,-0.4626938425615134,0.22349247510038722,0.21881598749149783
30d,epsis_power_trade_volume_monthly__trade_volume_nuclear_gwh,EPSIS 전력거래량 전력거래량(원자력),power_epsis,전력/EPSIS,raw.epsis_power_trade_volume_monthly,2094,-0.18905371846028557,-0.21707986868372553,-0.24945290581244645,-0.1430828787749459,-0.374743476120899,0.09468012933783336,0.21707986868372553
30d,epsis_smp_monthly__smp_total_krw_per_kwh,EPSIS SMP 전국 SMP(원/kWh),power_epsis,전력/EPSIS,raw.epsis_smp_monthly,2094,-0.16452375131821007,-0.19999167501039308,0.04823363964686548,0.020113393141568698,-0.23246781417982149,0.1262190867481642,0.19999167501039308
30d,epsis_smp_monthly__smp_land_krw_per_kwh,EPSIS SMP 육지 SMP(원/kWh),power_epsis,전력/EPSIS,raw.epsis_smp_monthly,2094,-0.1642526181700193,-0.19651573332693076,0.051111386053567895,0.041712324721208435,-0.2308957765228209,0.130780375253149,0.19651573332693076
30d,kma_asos_weather_daily__cdd18,KMA 전국 ASOS 기상 냉방도일 CDD18,weather_kma,기상/KMA,raw.kma_asos_weather_daily,2094,0.23411987020070782,0.19623051238870445,0.2041670423149999,0.18200025443734685,0.1979519514167077,0.00933601435427019,0.19623051238870445
30d,kma_asos_weather_station_daily__cdd18,KMA 관측소 ASOS 기상 냉방도일 CDD18,weather_kma,기상/KMA,raw.kma_asos_weather_station_daily,2094,0.23411987020070782,0.19623051238870445,0.2041670423149999,0.18200025443734685,0.1979519514167077,0.00933601435427019,0.19623051238870445
30d,epsis_power_trade_volume_monthly__trade_volume_hydro_gwh,EPSIS 전력거래량 전력거래량(수력),power_epsis,전력/EPSIS,raw.epsis_power_trade_volume_monthly,2094,0.08586074042797028,0.19479361365909775,0.3406312582875098,-0.052329409696705805,0.18311222301507604,0.16147345687269016,0.19479361365909775
30d,epsis_power_trade_volume_monthly__trade_volume_waste_gwh,EPSIS 전력거래량 전력거래량(폐기물),power_epsis,전력/EPSIS,raw.epsis_power_trade_volume_monthly,2094,0.11281877504491845,0.1922281288272979,0.03697805224606692,,0.2691703235707431,0.11609613566233809,0.1922281288272979
30d,epsis_fuel_cost_monthly__fuel_price_lng_krw_per_ton,EPSIS 발전연료비 연료가격(LNG),power_epsis,전력/EPSIS,raw.epsis_fuel_cost_monthly,2094,-0.1475337542296874,-0.18678477510081484,0.09208158875242764,0.035060759114053264,-0.4511767523951861,0.2437685418219056,0.18678477510081484
30d,epsis_power_trade_volume_monthly__trade_volume_coal_gasification_gwh,EPSIS 전력거래량 전력거래량(석탄가스화),power_epsis,전력/EPSIS,raw.epsis_power_trade_volume_monthly,2094,-0.15013814350427615,-0.17532441130221502,-0.1652592962089355,-0.24766289222049842,-0.25537722624374265,0.040785488839397345,0.17532441130221502
30d,mkt_vwap_range,빈티지 간 VWAP 범위,market_internal,시장 내부,data.processed.targets.market_vwap_targets,2094,0.22421437407307607,0.1715718910031604,0.10312319289326399,0.34274863490622764,0.06974005516233675,0.12159517121189325,0.1715718910031604
30d,epsis_power_trade_volume_monthly__trade_volume_wind_gwh,EPSIS 전력거래량 전력거래량(풍력),power_epsis,전력/EPSIS,raw.epsis_power_trade_volume_monthly,2094,-0.09334730354909883,-0.17118976326908208,-0.29983366450083737,0.01111277489654014,0.010511915011056637,0.1464401386722318,0.17118976326908208
30d,mkt_is_blended,복수 빈티지 거래일 여부,market_internal,시장 내부,data.processed.targets.market_vwap_targets,2094,0.1887886358200538,0.17055572203570202,0.09936572031296187,0.3403953618143568,0.07119247674901898,0.12081170521964506,0.17055572203570202
30d,mkt_n_vintages,거래 빈티지 수,market_internal,시장 내부,data.processed.targets.market_vwap_targets,2094,0.18771717933404802,0.17047120955607026,0.09919197913546349,0.3403953618143568,0.07119247674901898,0.12084574063984338,0.17047120955607026
30d,commodities_monthly__lng_japan,원자재 월별 가격 일본 LNG 가격,external_market,외부시장,raw.commodities_monthly,2094,-0.17218015893371102,-0.16888817317925173,0.12804697494394462,-0.07699721877947947,-0.3176192463016865,0.1821356217120597,0.16888817317925173
30d,eua_daily__acc_trdvol,EUA 일별 가격 거래량,external_market,외부시장,raw.eua_daily,2083,-0.1466796561103086,-0.165923010628344,-0.011362480080420763,-0.31332689180890216,-0.17427100051190988,0.12340458882342427,0.165923010628344
30d,kma_asos_weather_daily__min_temp_c,KMA 전국 ASOS 기상 최저기온(°C),weather_kma,기상/KMA,raw.kma_asos_weather_daily,2094,0.16840766947828872,0.16239531578616556,0.21930215653598284,0.1324142518875948,0.054926869759965795,0.06714249959425303,0.16239531578616556
30d,kma_asos_weather_station_daily__min_temp_c,KMA 관측소 ASOS 기상 최저기온(°C),weather_kma,기상/KMA,raw.kma_asos_weather_station_daily,2094,0.16840766947828872,0.16239419868449873,0.21928569432739123,0.13244545679490183,0.05495831720321109,0.06712258315890236,0.16239419868449873
30d,epsis_power_trade_volume_monthly__trade_volume_ppa_total_gwh,EPSIS 전력거래량 전력거래량(PPA 합계),power_epsis,전력/EPSIS,raw.epsis_power_trade_volume_monthly,1483,0.17508072616672027,0.16238932793074395,0.28137515947163416,0.18527578434329858,0.1270026357920471,0.06364984577910744,0.16238932793074395
30d,krx_auction_monthly__auct_trd_rto,KRX 배출권 경매 경매 체결률,auction,KRX 경매,raw.krx_auction_monthly,1694,0.08102561460910299,0.16090297320743407,0.093177197863708,-0.2269173244747374,0.10104147608847056,0.15278137065389005,0.16090297320743407
30d,epsis_power_supply_daily__peak_demand_mw,EPSIS 전력수급 최대수요(MW),power_epsis,전력/EPSIS,raw.epsis_power_supply_daily,2094,0.1505709907087715,0.15585597661753953,0.1363125887389576,0.18885211777204428,0.28491535842832244,0.06152807080760869,0.15585597661753953
30d,kma_asos_weather_station_daily__avg_temp_c,KMA 관측소 ASOS 기상 평균기온(°C),weather_kma,기상/KMA,raw.kma_asos_weather_station_daily,2094,0.15455408789589134,0.1554569102518176,0.21149980218618722,0.13424419730069925,0.04951084674648813,0.06615519704688554,0.1554569102518176
30d,kma_asos_weather_daily__avg_temp_c,KMA 전국 ASOS 기상 평균기온(°C),weather_kma,기상/KMA,raw.kma_asos_weather_daily,2094,0.15455408789589134,0.15544887884850156,0.21149457277445027,0.13421358735705755,0.049532534115333274,0.06614372688138084,0.15544887884850156
30d,epsis_smp_monthly__smp_jeju_krw_per_kwh,EPSIS SMP 제주 SMP(원/kWh),power_epsis,전력/EPSIS,raw.epsis_smp_monthly,2094,-0.15091160414962662,-0.1526684824147221,0.16190048633710707,0.09126733072329599,-0.2066646626454436,0.15971947087494975,0.1526684824147221
30d,epsis_fuel_cost_monthly__heat_price_anthracite_krw_per_gcal,EPSIS 발전연료비 열량단가(무연탄),power_epsis,전력/EPSIS,raw.epsis_fuel_cost_monthly,2094,-0.0859951826265548,-0.1503758718065614,0.08824091964446892,-0.04169946159072725,-0.0010046412787133544,0.05426820352069143,0.1503758718065614
30d,epsis_fuel_cost_monthly__fuel_cost_anthracite_krw_per_kwh,EPSIS 발전연료비 발전연료비(무연탄),power_epsis,전력/EPSIS,raw.epsis_fuel_cost_monthly,2094,-0.08355801410507722,-0.14683411423466214,0.09421663450499418,-0.04169946159072725,-0.014651898908655295,0.05874342837248635,0.14683411423466214
30d,krx_auction_monthly__acc_trdcnt,KRX 배출권 경매 거래건수,auction,KRX 경매,raw.krx_auction_monthly,1694,-0.15499229419862903,-0.14667400166688965,-0.1458767982823009,0.02029804219539854,-0.2956731303041838,0.12905244435489518,0.14667400166688965
30d,kma_asos_weather_station_daily__max_temp_c,KMA 관측소 ASOS 기상 최고기온(°C),weather_kma,기상/KMA,raw.kma_asos_weather_station_daily,2094,0.13438557538412682,0.14274907556019387,0.1975840711155901,0.12423294900669436,0.03963106188612665,0.06453854967178607,0.14274907556019387
30d,kma_asos_weather_daily__max_temp_c,KMA 전국 ASOS 기상 최고기온(°C),weather_kma,기상/KMA,raw.kma_asos_weather_daily,2094,0.13438557538412682,0.14274064378884127,0.1975627656834627,0.12417963557235426,0.03963194098665161,0.06452866876571305,0.14274064378884127
30d,kma_asos_weather_station_daily__avg_relative_humidity_pct,KMA 관측소 ASOS 기상 평균 상대습도(%),weather_kma,기상/KMA,raw.kma_asos_weather_station_daily,2094,0.10825941780170058,0.1299794925037044,0.19244433255452126,0.13497148214709348,-0.013294804687012916,0.08667603342871336,0.1299794925037044
30d,kma_asos_weather_daily__avg_relative_humidity_pct,KMA 전국 ASOS 기상 평균 상대습도(%),weather_kma,기상/KMA,raw.kma_asos_weather_daily,2094,0.10825941780170058,0.12997259842443526,0.19242161901792512,0.134969751608671,-0.01329831201792569,0.08666976006388737,0.12997259842443526
30d,krx_auction_monthly__lwst_ord_prc,KRX 배출권 경매 최저 주문가격,auction,KRX 경매,raw.krx_auction_monthly,1694,-0.179862733099518,-0.1274967005034153,-0.21754636543357966,-0.2342394402266701,-0.08663420253781254,0.06599996576874509,0.1274967005034153
30d,epsis_fuel_cost_monthly__fuel_price_bituminous_coal_krw_per_ton,EPSIS 발전연료비 연료가격(유연탄),power_epsis,전력/EPSIS,raw.epsis_fuel_cost_monthly,2094,-0.13808985873163265,-0.1257003624867808,0.2815308674874303,-0.0023338925198062768,-0.2431956822583047,0.21445837610596347,0.1257003624867808
30d,kma_asos_weather_daily__hdd18,KMA 전국 ASOS 기상 난방도일 HDD18,weather_kma,기상/KMA,raw.kma_asos_weather_daily,2094,-0.08675398399947035,-0.1244519263785147,-0.1927206432191792,-0.09165725771086776,-0.009032537263531353,0.07511618599726054,0.1244519263785147
30d,kma_asos_weather_station_daily__hdd18,KMA 관측소 ASOS 기상 난방도일 HDD18,weather_kma,기상/KMA,raw.kma_asos_weather_station_daily,2094,-0.08675398399947035,-0.12444652246836593,-0.19271443240217281,-0.09164505025083197,-0.009039676432813363,0.07511109089022155,0.12444652246836593
30d,krx_auction_monthly__hgst_ord_prc,KRX 배출권 경매 최고 주문가격,auction,KRX 경매,raw.krx_auction_monthly,1694,-0.17294341657756052,-0.12181235030689838,-0.21216115706198427,-0.17635841632427188,-0.03996017520937405,0.0741915647905045,0.12181235030689838
30d,epsis_fuel_cost_monthly__heat_price_bituminous_coal_krw_per_gcal,EPSIS 발전연료비 열량단가(유연탄),power_epsis,전력/EPSIS,raw.epsis_fuel_cost_monthly,2094,-0.13145289235904828,-0.121284415414263,0.2946704325985186,4.782838595583145e-05,-0.25188398935175454,0.2233566793407194,0.121284415414263
30d,epsis_fuel_cost_monthly__fuel_cost_bituminous_coal_krw_per_kwh,EPSIS 발전연료비 발전연료비(유연탄),power_epsis,전력/EPSIS,raw.epsis_fuel_cost_monthly,2094,-0.1315264074611913,-0.12056444715775126,0.29466929173665785,4.782838595583145e-05,-0.25152709559656267,0.22321445656577305,0.12056444715775126
30d,epsis_power_supply_daily__supply_capacity_mw,EPSIS 전력수급 공급능력(MW),power_epsis,전력/EPSIS,raw.epsis_power_supply_daily,2094,0.11621510644826871,0.11672560800697233,0.016327143885459514,0.20383279210666602,0.22683169348733367,0.09428059950232509,0.11672560800697233
30d,krx_auction_monthly__clsprc,KRX 배출권 경매 종가,auction,KRX 경매,raw.krx_auction_monthly,1694,-0.1650102869544361,-0.1103759064407367,-0.1791063917333585,-0.2677277877906417,-0.01057763019841429,0.10665723856945322,0.1103759064407367
30d,epsis_power_trade_volume_monthly__trade_volume_market_ppa_total_gwh,EPSIS 전력거래량 전력거래량(시장+PPA 합계),power_epsis,전력/EPSIS,raw.epsis_power_trade_volume_monthly,2094,-0.06887289716882229,-0.1094026620548246,0.004537200147479535,-0.08577089465101856,-0.06708978824291459,0.03892294551581378,0.1094026620548246
30d,mkt_min_vwap,일별 최저 빈티지 VWAP,market_internal,시장 내부,data.processed.targets.market_vwap_targets,2094,-0.155747547523276,-0.10772679949965314,-0.09652809385649792,-0.2955299190706173,-0.036843587213778874,0.11059565244684101,0.10772679949965314
30d,epsis_power_trade_volume_monthly__trade_volume_market_total_gwh,EPSIS 전력거래량 전력거래량(시장 합계),power_epsis,전력/EPSIS,raw.epsis_power_trade_volume_monthly,2094,-0.07481586427055825,-0.10291426981088743,-0.024065870667062058,-0.11766063688061708,-0.07019267879392421,0.03821121088468148,0.10291426981088743
30d,mkt_market_vwap,시장 VWAP,market_internal,시장 내부,data.processed.targets.market_vwap_targets,2094,-0.1512639780771531,-0.10261545527666324,-0.09209113975787628,-0.28199638057464566,-0.03718303000420199,0.10488749402411225,0.10261545527666324
30d,mkt_log_market_vwap,시장 VWAP 로그값,market_internal,시장 내부,data.processed.targets.market_vwap_targets,2094,-0.1581684322696791,-0.10261545527666324,-0.09209113975787628,-0.28199638057464566,-0.03718303000420199,0.10488749402411225,0.10261545527666324
30d,epsis_power_trade_volume_monthly__trade_volume_anthracite_gwh,EPSIS 전력거래량 전력거래량(무연탄),power_epsis,전력/EPSIS,raw.epsis_power_trade_volume_monthly,2094,0.05826088457425757,0.10244193502105296,0.023182325466137865,0.16373686490953254,0.10291679490959722,0.05755407610854313,0.10244193502105296
30d,mkt_market_vwap_lag_1d,시장 VWAP 1일 전 값,market_internal,시장 내부,data.processed.targets.market_vwap_targets,2094,-0.1503358378034469,-0.10208210881367177,-0.09034375546821154,-0.27490451005286853,-0.031218217028085526,0.10378477239880896,0.10208210881367177
30d,mkt_volume_std_20d,시장 거래량 로그값 20일 이동 표준편차,market_internal,시장 내부,data.processed.targets.market_vwap_targets,2094,0.07998145949889761,0.10162122045822446,0.005398194890853475,0.011474603460766312,0.12653057655148525,0.05572537181146855,0.10162122045822446
30d,mkt_market_vwap_lag_20d,시장 VWAP 20일 전 값,market_internal,시장 내부,data.processed.targets.market_vwap_targets,2082,-0.16453079906301513,-0.10096886098576643,-0.08222514982378001,-0.2514530613264886,0.008954649760139582,0.1078909005930987,0.10096886098576643
30d,mkt_market_vwap_lag_60d,시장 VWAP 60일 전 값,market_internal,시장 내부,data.processed.targets.market_vwap_targets,2042,-0.1772718049126972,-0.10023662073210232,-0.12585312567127194,-0.11581697039767015,0.03731121213561669,0.07466336736057673,0.10023662073210232
30d,epsis_fuel_cost_monthly__heat_price_oil_krw_per_gcal,EPSIS 발전연료비 열량단가(유류),power_epsis,전력/EPSIS,raw.epsis_fuel_cost_monthly,2094,-0.06579196370888236,-0.09955516762167368,0.07852729793625819,0.04464654770763855,0.08276570052250516,0.0170585237861388,0.09955516762167368
30d,eua_daily__hpr,EUA 일별 가격 고가,external_market,외부시장,raw.eua_daily,2094,-0.03212260358029428,-0.09875666457537627,0.21182780847195,0.06047297826255856,0.15850681766899136,0.06268266316817077,0.09875666457537627
30d,mkt_daily_logret,시장 VWAP 일간 로그수익률,market_internal,시장 내부,data.processed.targets.market_vwap_targets,2094,-0.01643353318113297,0.09692193075206408,0.07572408214000202,-0.01391614734432251,0.1564134718571561,0.06956877295345938,0.09692193075206408
30d,epsis_power_supply_daily__reserve_margin_pct,EPSIS 전력수급 공급예비율(%),power_epsis,전력/EPSIS,raw.epsis_power_supply_daily,2094,-0.09481405231088967,-0.09497286559076552,-0.15412846084022597,-0.039942492833069006,-0.17271047521995195,0.05869986153232151,0.09497286559076552
30d,mkt_market_vwap_lag_5d,시장 VWAP 5일 전 값,market_internal,시장 내부,data.processed.targets.market_vwap_targets,2094,-0.1422507254660292,-0.09464241819425792,-0.09354775869277547,-0.2314465181071992,-0.034274888371710714,0.08260077520263316,0.09464241819425792
30d,eua_daily__clsprc,EUA 일별 가격 종가,external_market,외부시장,raw.eua_daily,2094,-0.02889024597885818,-0.09455441538466873,0.21232817933594197,0.07170074824373127,0.15560024282265553,0.05776702091375212,0.09455441538466873
30d,eua_daily__opr,EUA 일별 가격 시가,external_market,외부시장,raw.eua_daily,2094,-0.028848975378305573,-0.094305733479068,0.2145513038454682,0.07210042227338528,0.15547339494213852,0.05843658058354885,0.094305733479068
30d,commodities_monthly__coal_newcastle,원자재 월별 가격 뉴캐슬 석탄 가격,external_market,외부시장,raw.commodities_monthly,2094,-0.10737739259068117,-0.09363575126166687,0.18441872308877866,-0.016629934901259455,0.032441395965027785,0.08558664638330207,0.09363575126166687
30d,epsis_power_trade_volume_monthly__trade_volume_pumped_storage_gwh,EPSIS 전력거래량 전력거래량(양수),power_epsis,전력/EPSIS,raw.epsis_power_trade_volume_monthly,2094,-0.059909972230845675,-0.09301296017962214,-0.14796568072589172,-0.2939862856616089,-0.3164195977424413,0.07468600398031407,0.09301296017962214
30d,mkt_logret_mean_5d,시장 VWAP 로그수익률 5일 이동평균,market_internal,시장 내부,data.processed.targets.market_vwap_targets,2094,-0.05397583011158115,0.09252353824257187,0.0903319956313932,-0.11021183353703334,0.17843218061699231,0.12078209806598052,0.09252353824257187
30d,epsis_power_trade_volume_monthly__trade_volume_ocean_gwh,EPSIS 전력거래량 전력거래량(해양),power_epsis,전력/EPSIS,raw.epsis_power_trade_volume_monthly,2094,-0.10861561198691419,-0.09228190361737852,-0.18506125748516317,-0.19366662895051673,-0.18881752148181633,0.003522558737185231,0.09228190361737852
30d,mkt_logret_mean_20d,시장 VWAP 로그수익률 20일 이동평균,market_internal,시장 내부,data.processed.targets.market_vwap_targets,2093,-0.0018936182737454932,0.09035426502464204,0.037089630632040474,-0.056037853773073715,0.0651110308088816,0.05178478911691196,0.09035426502464204
30d,mkt_volume_mean_60d,시장 거래량 로그값 60일 이동평균,market_internal,시장 내부,data.processed.targets.market_vwap_targets,2082,0.1465764053558461,0.09001495167627985,0.10472470467805002,0.2732192868400969,0.0723655139871596,0.08805287521925013,0.09001495167627985
30d,eua_daily__lpr,EUA 일별 가격 저가,external_market,외부시장,raw.eua_daily,2094,-0.024831945896285592,-0.0896924212918552,0.21521725618666687,0.08451636080080178,0.1493876531697576,0.053358895188513854,0.0896924212918552
30d,epsis_power_trade_volume_monthly__trade_volume_lng_gwh,EPSIS 전력거래량 전력거래량(LNG),power_epsis,전력/EPSIS,raw.epsis_power_trade_volume_monthly,2094,-0.021563780550884013,-0.08907567299121404,0.034407619031476475,-0.03356598168146995,-0.14222299883210418,0.07274394433507969,0.08907567299121404
30d,krx_auction_monthly__auct_trd_partc_cnt,KRX 배출권 경매 경매 참여자 수,auction,KRX 경매,raw.krx_auction_monthly,1694,-0.10322636850772887,-0.08750357810264725,-0.1830079022910718,-0.007783416488144717,-0.22199426686039628,0.09316046220511481,0.08750357810264725
30d,mkt_max_vwap,일별 최고 빈티지 VWAP,market_internal,시장 내부,data.processed.targets.market_vwap_targets,2094,-0.12992740552865611,-0.0864196821013622,-0.08408138952237264,-0.23792177457504665,-0.03818455205089384,0.08541944992193996,0.0864196821013622
30d,epsis_power_trade_volume_monthly__trade_volume_other_gwh,EPSIS 전력거래량 전력거래량(기타),power_epsis,전력/EPSIS,raw.epsis_power_trade_volume_monthly,2094,-0.1066497186717194,-0.08129580748163666,-0.030003887266885916,-0.05157436435512772,0.04862909957238376,0.04306218537592043,0.08129580748163666
30d,mkt_volume_lag_60d,시장 거래량 로그값 60일 전 값,market_internal,시장 내부,data.processed.targets.market_vwap_targets,2042,0.04281170419287374,0.0795054599405333,0.14009617102781904,0.11358543550583726,-0.11177329230082662,0.11300324570265645,0.0795054599405333
30d,epsis_fuel_cost_monthly__fuel_cost_oil_krw_per_kwh,EPSIS 발전연료비 발전연료비(유류),power_epsis,전력/EPSIS,raw.epsis_fuel_cost_monthly,2094,-0.04960623821933482,-0.07663549313115198,0.14618846206132283,0.0392320885700944,0.11205054011713166,0.04460641512255466,0.07663549313115198
30d,oil_daily__brent,국제유가 일별 가격 브렌트유 가격,external_market,외부시장,raw.oil_daily,2094,0.02087497368309196,-0.0743301766011884,0.25720463063733096,0.006865546167925091,-0.03467709104470083,0.12892305516238367,0.0743301766011884
30d,kma_asos_weather_station_daily__precip_mm,KMA 관측소 ASOS 기상 강수량(mm),weather_kma,기상/KMA,raw.kma_asos_weather_station_daily,2094,0.03107637732090871,0.07356336457655746,0.06144446614906175,0.1607887833779151,-0.006720037565838252,0.06877895190498333,0.07356336457655746
30d,kma_asos_weather_daily__precip_mm,KMA 전국 ASOS 기상 강수량(mm),weather_kma,기상/KMA,raw.kma_asos_weather_daily,2094,0.03107637732090871,0.07353078300505175,0.06137815243560185,0.16072320641685314,-0.006727826844322015,0.06875698970888572,0.07353078300505175
30d,oil_daily__wti,국제유가 일별 가격 WTI 가격,external_market,외부시장,raw.oil_daily,2093,0.0131793945308545,-0.07297126765946425,0.24943038149318816,0.005225865527728563,-0.04492926359146006,0.1285815708452321,0.07297126765946425
30d,commodities_monthly__natgas_europe,원자재 월별 가격 유럽 천연가스 가격,external_market,외부시장,raw.commodities_monthly,2094,-0.06128339549526782,-0.06931454106503819,0.16568166124270078,-0.06883637919586535,-0.08257840733270017,0.11393010346383498,0.06931454106503819
30d,epsis_power_supply_daily__reserve_capacity_mw,EPSIS 전력수급 공급예비력(MW),power_epsis,전력/EPSIS,raw.epsis_power_supply_daily,2094,-0.06269803229777852,-0.06745026955128415,-0.1435235946168566,0.01746692888165236,-0.10698849700946811,0.06891372629539178,0.06745026955128415
30d,epsis_power_trade_volume_monthly__trade_volume_bio_gwh,EPSIS 전력거래량 전력거래량(바이오),power_epsis,전력/EPSIS,raw.epsis_power_trade_volume_monthly,2094,-0.023248810595401802,-0.06579679189953846,0.188903984130015,0.056413759889493216,-0.08423790326329117,0.11152630009490319,0.06579679189953846
30d,mkt_volume_mean_20d,시장 거래량 로그값 20일 이동평균,market_internal,시장 내부,data.processed.targets.market_vwap_targets,2094,0.08826918872660744,0.06239963622329302,-0.04647860500574856,0.2843784591917059,0.2119204838745539,0.14200416435622581,0.06239963622329302
30d,krx_auction_monthly__acc_trdvol,KRX 배출권 경매 거래량,auction,KRX 경매,raw.krx_auction_monthly,1694,-0.031000806697732555,-0.06107534476656096,-0.10773075904513998,-0.07152861468679088,-0.1406506729112839,0.028229564719530184,0.06107534476656096
30d,mkt_logret_lag_5d,시장 VWAP 로그수익률 5일 전 값,market_internal,시장 내부,data.processed.targets.market_vwap_targets,2094,0.01278875895205243,0.06084278475115481,0.039637412576311044,-0.014930932826943582,0.09723688461888656,0.04579789268586422,0.06084278475115481
30d,kma_asos_weather_daily__is_precip_day,KMA 전국 ASOS 기상 강수일 여부,weather_kma,기상/KMA,raw.kma_asos_weather_daily,2094,0.05731281647797726,0.0604895998304565,0.03612482327552083,0.1609354776755171,-0.02868516028729634,0.07869351220088132,0.0604895998304565
30d,kma_asos_weather_station_daily__is_precip_day,KMA 관측소 ASOS 기상 강수일 여부,weather_kma,기상/KMA,raw.kma_asos_weather_station_daily,2094,0.05731281647797726,0.0604895998304565,0.03612482327552083,0.1609354776755171,-0.02868516028729634,0.07869351220088132,0.0604895998304565
30d,mkt_logret_lag_1d,시장 VWAP 로그수익률 1일 전 값,market_internal,시장 내부,data.processed.targets.market_vwap_targets,2094,-0.0537561342553298,0.05857553003051422,0.06489152666519798,-0.08974415400586036,0.1259999772518649,0.09079400778187416,0.05857553003051422
30d,epsis_power_trade_volume_monthly__trade_volume_coal_total_gwh,EPSIS 전력거래량 전력거래량(석탄 합계),power_epsis,전력/EPSIS,raw.epsis_power_trade_volume_monthly,2094,0.028209749476741496,0.05541976114489111,0.07874023058600559,-0.16627010070400045,0.10300084233333168,0.1216212154763063,0.05541976114489111
30d,kma_asos_weather_station_daily__sunshine_hours,KMA 관측소 ASOS 기상 일조시간,weather_kma,기상/KMA,raw.kma_asos_weather_station_daily,2094,-0.04033164281375252,-0.055228310941907596,-0.04974694964649775,-0.10238959754690619,-0.022752324785283523,0.033069041182003094,0.055228310941907596
30d,kma_asos_weather_daily__sunshine_hours,KMA 전국 ASOS 기상 일조시간,weather_kma,기상/KMA,raw.kma_asos_weather_daily,2094,-0.04033164281375252,-0.05522080444436151,-0.04973743109637794,-0.10242075831669081,-0.02275582692051668,0.03308245796535033,0.05522080444436151
30d,epsis_power_supply_daily__day,EPSIS 전력수급 일자 보조값,power_epsis,전력/EPSIS,raw.epsis_power_supply_daily,2094,0.0531622984298853,0.05404942468105572,-0.028357318894832204,0.006281930051252339,0.24203352748449009,0.1201341394097996,0.05404942468105572
30d,epsis_power_trade_volume_monthly__trade_volume_bituminous_coal_gwh,EPSIS 전력거래량 전력거래량(유연탄),power_epsis,전력/EPSIS,raw.epsis_power_trade_volume_monthly,2094,0.02617425615893153,0.053799806052800755,0.08633069342549193,-0.17124221107666387,0.09823652793601409,0.12432231443976206,0.053799806052800755
30d,mkt_logret_vol_20d,시장 VWAP 로그수익률 20일 이동 변동성,market_internal,시장 내부,data.processed.targets.market_vwap_targets,2093,0.13982635915804434,0.05183581663866192,0.11872711936644824,0.22894550895714705,0.2214041699846588,0.050274294205907843,0.05183581663866192
30d,mkt_logret_mean_60d,시장 VWAP 로그수익률 60일 이동평균,market_internal,시장 내부,data.processed.targets.market_vwap_targets,2081,-0.021708538844101465,0.05029118786496664,0.12547291655229312,-0.319052421488381,0.059495061130278644,0.19586107609538742,0.05029118786496664
30d,epsis_power_trade_volume_monthly__trade_volume_renewable_total_gwh,EPSIS 전력거래량 전력거래량(재생에너지 합계),power_epsis,전력/EPSIS,raw.epsis_power_trade_volume_monthly,2094,0.07741354609742107,0.04930398703178107,0.24122603634988904,0.058114755763124096,0.28941490118509,0.0996391628965086,0.04930398703178107
30d,epsis_fuel_cost_monthly__fuel_price_oil_krw_per_kl,EPSIS 발전연료비 연료가격(유류),power_epsis,전력/EPSIS,raw.epsis_fuel_cost_monthly,2094,-0.036532774598252736,-0.04682282539646061,0.2558853540077917,0.0607996790302284,0.1295133047048552,0.08079458024990704,0.04682282539646061
30d,mkt_volume_lag_20d,시장 거래량 로그값 20일 전 값,market_internal,시장 내부,data.processed.targets.market_vwap_targets,2082,0.010848579918681139,0.04640952989957972,-0.018197689169020495,0.16766575325057495,0.12144098587453127,0.07900837361736503,0.04640952989957972
30d,mkt_volume_lag_5d,시장 거래량 로그값 5일 전 값,market_internal,시장 내부,data.processed.targets.market_vwap_targets,2094,0.04261106280639826,0.04427514719626204,-0.03427801572292341,0.1927831380116419,0.15622532582085982,0.09954606097837641,0.04427514719626204
30d,mkt_volume_std_60d,시장 거래량 로그값 60일 이동 표준편차,market_internal,시장 내부,data.processed.targets.market_vwap_targets,2082,-0.03144125211078892,-0.043877580372622765,-0.06586593654489938,-0.1719355561749146,-0.17708764008655042,0.05125922737072762,0.043877580372622765
30d,mkt_volume_mean_5d,시장 거래량 로그값 5일 이동평균,market_internal,시장 내부,data.processed.targets.market_vwap_targets,2094,0.07232815852951052,0.03972613471491584,-0.08189141746981252,0.2272881314008992,0.18530070757941006,0.13692924729678688,0.03972613471491584
30d,kma_asos_weather_daily__solar_radiation_mj_m2,KMA 전국 ASOS 기상 일사량(MJ/m²),weather_kma,기상/KMA,raw.kma_asos_weather_daily,2094,-0.000938295722635211,-0.03771369626869726,-0.04169452184625611,-0.007785616552685763,-0.06398256682010313,0.02310523756477722,0.03771369626869726
30d,kma_asos_weather_station_daily__solar_radiation_mj_m2,KMA 관측소 ASOS 기상 일사량(MJ/m²),weather_kma,기상/KMA,raw.kma_asos_weather_station_daily,2094,-0.0009382957226352003,-0.03771261904825747,-0.04169343107557347,-0.007785616552685763,-0.06398256682010313,0.023105176614091397,0.03771261904825747
30d,mkt_logret_vol_5d,시장 VWAP 로그수익률 5일 이동 변동성,market_internal,시장 내부,data.processed.targets.market_vwap_targets,2094,0.13051151495361232,0.03745960101226322,0.07816004062525576,0.2339035657995159,0.16329556387168614,0.06367416438258953,0.03745960101226322
30d,mkt_volume_lag_1d,시장 거래량 로그값 1일 전 값,market_internal,시장 내부,data.processed.targets.market_vwap_targets,2094,0.04476225267212715,0.037008277783773115,-0.050569709161072646,0.19040575060923484,0.14689420773183287,0.10485674092132209,0.037008277783773115
30d,mkt_logret_lag_20d,시장 VWAP 로그수익률 20일 전 값,market_internal,시장 내부,data.processed.targets.market_vwap_targets,2081,-0.0009833651290550652,0.036677858827936165,0.03235564070590151,-0.04575260664159708,-0.019841174959089086,0.032483856094819206,0.036677858827936165
30d,mkt_volume_std_5d,시장 거래량 로그값 5일 이동 표준편차,market_internal,시장 내부,data.processed.targets.market_vwap_targets,2094,0.04306347813259628,0.03523863793271025,-0.023110684264090985,-0.03492319622237461,0.05048984793976676,0.0377888312313743,0.03523863793271025
30d,mkt_total_trdvol,시장 총 거래량,market_internal,시장 내부,data.processed.targets.market_vwap_targets,2094,0.04365350193070667,0.03520105765980816,-0.055072154877359634,0.18696579098850893,0.1622978209323443,0.10875077643103274,0.03520105765980816
30d,mkt_total_trdvol_log1p,시장 총 거래량 로그값,market_internal,시장 내부,data.processed.targets.market_vwap_targets,2094,0.061114880871361695,0.03520105765980816,-0.055072154877359634,0.18696579098850893,0.1622978209323443,0.10875077643103274,0.03520105765980816
30d,krx_auction_monthly__onewayauct_appl_qty,KRX 배출권 경매 단일가 경매 신청수량,auction,KRX 경매,raw.krx_auction_monthly,1694,0.06368023273499335,-0.033194216082833,0.025384478257210522,0.06282885744039567,-0.13471386229459012,0.08567165115210361,0.033194216082833
30d,mkt_logret_vol_60d,시장 VWAP 로그수익률 60일 이동 변동성,market_internal,시장 내부,data.processed.targets.market_vwap_targets,2081,0.041270244823181826,-0.02509262184404595,0.13110205805492728,0.2246948133894769,-0.1905491634163729,0.17784096278498987,0.02509262184404595
30d,epsis_power_trade_volume_monthly__trade_volume_oil_gwh,EPSIS 전력거래량 전력거래량(유류),power_epsis,전력/EPSIS,raw.epsis_power_trade_volume_monthly,2094,-0.00273347408010703,-0.02194029322456785,-0.040872937997815245,-0.09807672489968854,-0.18199680235072357,0.057956686629087956,0.02194029322456785
30d,mkt_logret_lag_60d,시장 VWAP 로그수익률 60일 전 값,market_internal,시장 내부,data.processed.targets.market_vwap_targets,2041,-0.013845384712284635,0.011195029698203376,0.049774666796976424,-0.10427887272010503,0.05725210262594452,0.07444659613184576,0.011195029698203376
30d,krx_auction_monthly__auct_trd_qty,KRX 배출권 경매 경매 체결수량,auction,KRX 경매,raw.krx_auction_monthly,1694,-0.0002613502810727481,0.005348892709382549,-0.03435502538901193,-0.07354577470142781,-0.12423456927990059,0.03679311701561315,0.005348892709382549
30d,epsis_power_trade_volume_monthly__trade_volume_solar_gwh,EPSIS 전력거래량 전력거래량(태양광),power_epsis,전력/EPSIS,raw.epsis_power_trade_volume_monthly,2094,0.04875639084074811,0.004703128430076292,0.14208700388861767,0.20807323300110578,0.11726854079093224,0.03831975218894775,0.004703128430076292
30d,epsis_power_supply_daily__installed_capacity_mw,EPSIS 전력수급 설비용량(MW),power_epsis,전력/EPSIS,raw.epsis_power_supply_daily,2094,0.03067064796601598,0.004016207411404745,0.14827047610455457,0.10579291058102076,0.2227761050442192,0.048351146261622846,0.004016207411404745
30d,epsis_fuel_cost_monthly__fuel_price_nuclear_krw_per_kwh,EPSIS 발전연료비 연료가격(원자력),power_epsis,전력/EPSIS,raw.epsis_fuel_cost_monthly,2094,-0.027919045491759484,0.003735346605843345,0.15992920018480858,0.0508817289233803,0.31714516475926324,0.10929289280985473,0.003735346605843345
30d,epsis_power_trade_volume_monthly__trade_volume_fuel_cell_gwh,EPSIS 전력거래량 전력거래량(연료전지),power_epsis,전력/EPSIS,raw.epsis_power_trade_volume_monthly,2094,0.03417684706609505,0.0034953513574961514,0.11638550348499838,0.20072736461297813,0.23293831196295925,0.04914338638878289,0.0034953513574961514
30d,epsis_fuel_cost_monthly__heat_price_nuclear_krw_per_gcal,EPSIS 발전연료비 열량단가(원자력),power_epsis,전력/EPSIS,raw.epsis_fuel_cost_monthly,2094,-0.029703402560776648,-0.0027760141075253188,0.1571163561011976,0.08378762452516171,0.24041525314790238,0.06398612972245628,0.0027760141075253188
30d,epsis_fuel_cost_monthly__fuel_cost_nuclear_krw_per_kwh,EPSIS 발전연료비 발전연료비(원자력),power_epsis,전력/EPSIS,raw.epsis_fuel_cost_monthly,2094,-0.028225884332425757,0.0027625843486102646,0.15992920018480858,0.03625592853760936,0.32031449411403606,0.1162888115885157,0.0027625843486102646
30d,mkt_total_trdval,시장 총 거래대금,market_internal,시장 내부,data.processed.targets.market_vwap_targets,2094,0.021983436893665092,0.0014460471357129392,-0.07305691615401229,0.0952086346014922,0.17817684518383212,0.10451763401149626,0.0014460471357129392
30d,mkt_total_trdval_log1p,시장 총 거래대금 로그값,market_internal,시장 내부,data.processed.targets.market_vwap_targets,2094,0.01181761163831477,0.0014460471357129392,-0.07305691615401229,0.0952086346014922,0.17817684518383212,0.10451763401149626,0.0014460471357129392
30d,kma_asos_weather_daily__avg_wind_speed_mps,KMA 전국 ASOS 기상 평균 풍속(m/s),weather_kma,기상/KMA,raw.kma_asos_weather_daily,2094,0.010099037689389417,-0.0012820696861055398,-0.09326489504204967,0.10153147761993106,0.08542004602885078,0.08827577571054782,0.0012820696861055398
30d,kma_asos_weather_station_daily__avg_wind_speed_mps,KMA 관측소 ASOS 기상 평균 풍속(m/s),weather_kma,기상/KMA,raw.kma_asos_weather_station_daily,2094,0.01009903768938942,-0.0011905392024776805,-0.09327436086057762,0.10128006788263492,0.08517505362136417,0.08816335265157978,0.0011905392024776805
30d,epsis_fuel_cost_monthly__fuel_price_anthracite_krw_per_ton,EPSIS 발전연료비 연료가격(무연탄),power_epsis,전력/EPSIS,raw.epsis_fuel_cost_monthly,2094,-0.10216221050911,0.0010844572878721957,-0.002034951315552882,-0.05661172210037748,0.11210717204910838,0.07029549810029583,0.0010844572878721957
30d,epsis_smp_monthly__blmp_krw_per_kwh,EPSIS SMP BLMP(원/kWh),power_epsis,전력/EPSIS,raw.epsis_smp_monthly,2094,,,,,,,
30d,kma_asos_weather_daily__station_count,KMA 전국 ASOS 기상 관측소 수,weather_kma,기상/KMA,raw.kma_asos_weather_daily,2094,,,,,,,
60d,epsis_power_supply_daily__minimum_demand_mw,EPSIS 전력수급 최저수요(MW),power_epsis,전력/EPSIS,raw.epsis_power_supply_daily,58,0.47363775977349104,0.559203781481979,,,0.559203781481979,0.0,0.559203781481979
60d,kma_asos_weather_daily__cdd18,KMA 전국 ASOS 기상 냉방도일 CDD18,weather_kma,기상/KMA,raw.kma_asos_weather_daily,2074,0.3287428905783199,0.34317547840230433,0.3437843303352613,0.23243319487537342,0.3603055422790255,0.05678748203493967,0.34317547840230433
60d,kma_asos_weather_station_daily__cdd18,KMA 관측소 ASOS 기상 냉방도일 CDD18,weather_kma,기상/KMA,raw.kma_asos_weather_station_daily,2074,0.3287428905783199,0.34317547840230433,0.3437843303352613,0.23243319487537342,0.3603055422790255,0.05678748203493967,0.34317547840230433
60d,kma_asos_weather_station_daily__min_temp_c,KMA 관측소 ASOS 기상 최저기온(°C),weather_kma,기상/KMA,raw.kma_asos_weather_station_daily,2074,0.2476975572685365,0.3217258953816945,0.3633137424331714,0.21452962459611657,0.2542013481247772,0.06290740458094438,0.3217258953816945
60d,kma_asos_weather_daily__min_temp_c,KMA 전국 ASOS 기상 최저기온(°C),weather_kma,기상/KMA,raw.kma_asos_weather_daily,2074,0.2476975572685365,0.32172265496759833,0.3633293242552151,0.21450428881154282,0.2541766453225924,0.0629259656387465,0.32172265496759833
60d,kma_asos_weather_station_daily__avg_temp_c,KMA 관측소 ASOS 기상 평균기온(°C),weather_kma,기상/KMA,raw.kma_asos_weather_station_daily,2074,0.23101340260810785,0.3125382749038454,0.3476473727375544,0.21621665040114837,0.25660670725922863,0.05496846999023353,0.3125382749038454
60d,kma_asos_weather_daily__avg_temp_c,KMA 전국 ASOS 기상 평균기온(°C),weather_kma,기상/KMA,raw.kma_asos_weather_daily,2074,0.23101340260810785,0.3125333146610488,0.34765583873887196,0.2162134718944036,0.256612431626405,0.05497279501691932,0.3125333146610488
60d,epsis_power_trade_volume_monthly__trade_volume_ppa_total_gwh,EPSIS 전력거래량 전력거래량(PPA 합계),power_epsis,전력/EPSIS,raw.epsis_power_trade_volume_monthly,1462,0.27551235187910295,0.3041726684728078,0.503211123323124,0.29339647029371174,0.23100870836877793,0.11643242015618277,0.3041726684728078
60d,kma_asos_weather_station_daily__max_temp_c,KMA 관측소 ASOS 기상 최고기온(°C),weather_kma,기상/KMA,raw.kma_asos_weather_station_daily,2074,0.20593971067840156,0.29313911223323197,0.32284340827549257,0.20794376758843242,0.24761207545809014,0.04765064476273613,0.29313911223323197
60d,kma_asos_weather_daily__max_temp_c,KMA 전국 ASOS 기상 최고기온(°C),weather_kma,기상/KMA,raw.kma_asos_weather_daily,2074,0.20593971067840156,0.2931335951333374,0.3228294689639125,0.20793634085285037,0.24759161633065846,0.04764883842495713,0.2931335951333374
60d,epsis_power_trade_volume_monthly__trade_volume_coal_gasification_gwh,EPSIS 전력거래량 전력거래량(석탄가스화),power_epsis,전력/EPSIS,raw.epsis_power_trade_volume_monthly,2074,-0.24858175150624198,-0.28703511805891385,-0.3325670656774131,-0.3238199005793235,-0.3174909464748654,0.006181135526017865,0.28703511805891385
60d,epsis_power_trade_volume_monthly__trade_volume_hydro_gwh,EPSIS 전력거래량 전력거래량(수력),power_epsis,전력/EPSIS,raw.epsis_power_trade_volume_monthly,2074,0.08713508163736815,0.2791639143980214,0.35585846756357414,0.06734573634093671,0.48340903922338296,0.17404259262022936,0.2791639143980214
60d,kma_asos_weather_daily__hdd18,KMA 전국 ASOS 기상 난방도일 HDD18,weather_kma,기상/KMA,raw.kma_asos_weather_daily,2074,-0.13975353187312006,-0.263493504292015,-0.33177242098280396,-0.12399101251069748,-0.1933163497068413,0.08637720877200694,0.263493504292015
60d,kma_asos_weather_station_daily__hdd18,KMA 관측소 ASOS 기상 난방도일 HDD18,weather_kma,기상/KMA,raw.kma_asos_weather_station_daily,2074,-0.13975353187312006,-0.2634895256202577,-0.3317679900419718,-0.1239935235088173,-0.19330644178538206,0.08637522145253015,0.2634895256202577
60d,epsis_power_trade_volume_monthly__trade_volume_waste_gwh,EPSIS 전력거래량 전력거래량(폐기물),power_epsis,전력/EPSIS,raw.epsis_power_trade_volume_monthly,2074,0.1564236739669225,0.24392006190984614,0.15406040466262483,,0.2304320329891663,0.03818581416327074,0.24392006190984614
60d,kma_asos_weather_daily__avg_relative_humidity_pct,KMA 전국 ASOS 기상 평균 상대습도(%),weather_kma,기상/KMA,raw.kma_asos_weather_daily,2074,0.17479464082663068,0.2390387117436441,0.3264826680508742,0.17466545339061915,0.05129415316175066,0.11254513322526853,0.2390387117436441
60d,kma_asos_weather_station_daily__avg_relative_humidity_pct,KMA 관측소 ASOS 기상 평균 상대습도(%),weather_kma,기상/KMA,raw.kma_asos_weather_station_daily,2074,0.17479464082663068,0.23903611516464965,0.3264809510533471,0.17466555093552752,0.05129308004525003,0.1125448289134774,0.23903611516464965
60d,epsis_power_trade_volume_monthly__trade_volume_wind_gwh,EPSIS 전력거래량 전력거래량(풍력),power_epsis,전력/EPSIS,raw.epsis_power_trade_volume_monthly,2074,-0.16675724024657304,-0.2320990389912646,-0.3490618820572131,-0.08581535412184838,-0.06446865827584022,0.12942081187430635,0.2320990389912646
60d,mkt_n_vintages,거래 빈티지 수,market_internal,시장 내부,data.processed.targets.market_vwap_targets,2074,0.1943114947538279,0.22693163385912912,0.16042959425401473,0.34968116560588264,0.20545105490149218,0.08072271744942976,0.22693163385912912
60d,mkt_is_blended,복수 빈티지 거래일 여부,market_internal,시장 내부,data.processed.targets.market_vwap_targets,2074,0.19440984894628824,0.22684306885807604,0.1600904568063565,0.34968116560588264,0.20545105490149218,0.08083216188598301,0.22684306885807604
60d,mkt_vwap_range,빈티지 간 VWAP 범위,market_internal,시장 내부,data.processed.targets.market_vwap_targets,2074,0.18551575697363618,0.2259639816252708,0.15993005325224077,0.35167573574949157,0.20445671343567223,0.08193660879977353,0.2259639816252708
60d,krx_auction_monthly__acc_trdcnt,KRX 배출권 경매 거래건수,auction,KRX 경매,raw.krx_auction_monthly,1673,-0.22795725577765924,-0.2105862730085456,-0.23564684422590357,-0.06024075612926219,-0.39520562955973737,0.1367998408668947,0.2105862730085456
60d,epsis_fuel_cost_monthly__heat_price_lng_krw_per_gcal,EPSIS 발전연료비 열량단가(LNG),power_epsis,전력/EPSIS,raw.epsis_fuel_cost_monthly,2074,-0.19542881996112765,-0.20839673166049935,0.060808903655671924,0.07966453180842502,-0.5960071192794044,0.3141646777622347,0.20839673166049935
60d,epsis_fuel_cost_monthly__fuel_cost_lng_krw_per_kwh,EPSIS 발전연료비 발전연료비(LNG),power_epsis,전력/EPSIS,raw.epsis_fuel_cost_monthly,2074,-0.19543989100763565,-0.2061345447335558,0.06887647080135262,0.0794845500700256,-0.5670364238617739,0.3023035837399825,0.2061345447335558
60d,krx_auction_monthly__lwst_ord_prc,KRX 배출권 경매 최저 주문가격,auction,KRX 경매,raw.krx_auction_monthly,1673,-0.2720544830425979,-0.20544372749414305,-0.31345697438760467,-0.34212095408859805,-0.18419528224292203,0.0686947568889713,0.20544372749414305
60d,epsis_power_trade_volume_monthly__trade_volume_nuclear_gwh,EPSIS 전력거래량 전력거래량(원자력),power_epsis,전력/EPSIS,raw.epsis_power_trade_volume_monthly,2074,-0.1745028145311492,-0.202789175616746,-0.13865752139354398,-0.20615381913013767,-0.4775756593077438,0.14647376319508687,0.202789175616746
60d,epsis_power_supply_daily__peak_demand_mw,EPSIS 전력수급 최대수요(MW),power_epsis,전력/EPSIS,raw.epsis_power_supply_daily,2074,0.19323001601937936,0.2016117354937013,0.14239622529416987,0.2510653897170889,0.37859188283313006,0.09652885716090458,0.2016117354937013
60d,krx_auction_monthly__hgst_ord_prc,KRX 배출권 경매 최고 주문가격,auction,KRX 경매,raw.krx_auction_monthly,1673,-0.24352805103113012,-0.19513872631905255,-0.2180601614339452,-0.3006387905769772,-0.13748966405233828,0.06660703376705844,0.19513872631905255
60d,krx_auction_monthly__clsprc,KRX 배출권 경매 종가,auction,KRX 경매,raw.krx_auction_monthly,1673,-0.2526898494279107,-0.1890460549469741,-0.27625768203722667,-0.3660920803415749,-0.14202306409327436,0.09207248099896582,0.1890460549469741
60d,epsis_smp_monthly__smp_total_krw_per_kwh,EPSIS SMP 전국 SMP(원/kWh),power_epsis,전력/EPSIS,raw.epsis_smp_monthly,2074,-0.19756271446890375,-0.1874591688187568,0.13887692782630498,0.005499192457380519,-0.2185192483423465,0.14746220188029255,0.1874591688187568
60d,commodities_monthly__lng_japan,원자재 월별 가격 일본 LNG 가격,external_market,외부시장,raw.commodities_monthly,2074,-0.23191916988911837,-0.185436725895678,0.19031705973089116,-0.10801170665050311,-0.3966562185193911,0.23964170858980205,0.185436725895678
60d,epsis_smp_monthly__smp_land_krw_per_kwh,EPSIS SMP 육지 SMP(원/kWh),power_epsis,전력/EPSIS,raw.epsis_smp_monthly,2074,-0.19702937611913587,-0.18442812750524548,0.14271642990586184,0.02714855567557347,-0.21590502548143983,0.14945840191670687,0.18442812750524548
60d,mkt_min_vwap,일별 최저 빈티지 VWAP,market_internal,시장 내부,data.processed.targets.market_vwap_targets,2074,-0.2345191063270574,-0.17840572974539406,-0.15360111589903344,-0.41394789362080703,-0.1342646257499547,0.1275308567664726,0.17840572974539406
60d,mkt_market_vwap,시장 VWAP,market_internal,시장 내부,data.processed.targets.market_vwap_targets,2074,-0.23088478410660557,-0.17333986609279667,-0.14797304264289438,-0.4041202901762207,-0.12706163074293306,0.1259674562617572,0.17333986609279667
60d,mkt_log_market_vwap,시장 VWAP 로그값,market_internal,시장 내부,data.processed.targets.market_vwap_targets,2074,-0.22846363943464673,-0.17333986609279667,-0.14797304264289438,-0.4041202901762207,-0.12706163074293306,0.1259674562617572,0.17333986609279667
60d,mkt_market_vwap_lag_1d,시장 VWAP 1일 전 값,market_internal,시장 내부,data.processed.targets.market_vwap_targets,2074,-0.23174028681359943,-0.17226043978160485,-0.14614082784023494,-0.40152238222141534,-0.11495551990979475,0.12837134862230812,0.17226043978160485
60d,mkt_market_vwap_lag_60d,시장 VWAP 60일 전 값,market_internal,시장 내부,data.processed.targets.market_vwap_targets,2020,-0.24005997890039737,-0.17224758440294255,-0.20421765714071036,-0.13329680078396236,-0.21098471907720465,0.03513620108846956,0.17224758440294255
60d,epsis_fuel_cost_monthly__fuel_price_lng_krw_per_ton,EPSIS 발전연료비 연료가격(LNG),power_epsis,전력/EPSIS,raw.epsis_fuel_cost_monthly,2074,-0.17072376736053851,-0.16645342982397185,0.20946874169895882,0.0841455972793861,-0.5784824969642905,0.3457116711813738,0.16645342982397185
60d,mkt_market_vwap_lag_5d,시장 VWAP 5일 전 값,market_internal,시장 내부,data.processed.targets.market_vwap_targets,2073,-0.2307220124348089,-0.16597510825406922,-0.1425450664012064,-0.38061386412798603,-0.10472171284377935,0.12212190524482404,0.16597510825406922
60d,mkt_market_vwap_lag_20d,시장 VWAP 20일 전 값,market_internal,시장 내부,data.processed.targets.market_vwap_targets,2060,-0.25044419015095437,-0.16358831480611502,-0.16576208927942473,-0.33574400559769096,-0.06848054892526682,0.11044722482374429,0.16358831480611502
60d,krx_auction_monthly__auct_trd_partc_cnt,KRX 배출권 경매 경매 참여자 수,auction,KRX 경매,raw.krx_auction_monthly,1673,-0.20657407999026417,-0.16104159039587007,-0.23137321954969758,-0.0790380215699677,-0.4430951090989197,0.1492833748419724,0.16104159039587007
60d,epsis_fuel_cost_monthly__heat_price_anthracite_krw_per_gcal,EPSIS 발전연료비 열량단가(무연탄),power_epsis,전력/EPSIS,raw.epsis_fuel_cost_monthly,2074,-0.09962406412571755,-0.15891457494835676,0.011731935864445845,-0.029421144148919814,0.16005418825892267,0.08137291942451656,0.15891457494835676
60d,mkt_max_vwap,일별 최고 빈티지 VWAP,market_internal,시장 내부,data.processed.targets.market_vwap_targets,2074,-0.2123686180103363,-0.15400205982532678,-0.13429809206975094,-0.3634684179860046,-0.12295705896478258,0.11080181062032689,0.15400205982532678
60d,epsis_power_trade_volume_monthly__trade_volume_market_total_gwh,EPSIS 전력거래량 전력거래량(시장 합계),power_epsis,전력/EPSIS,raw.epsis_power_trade_volume_monthly,2074,-0.1387590553507878,-0.15298769246872382,0.06265875992626681,-0.23098884890916668,-0.31673540880221474,0.16245386557879382,0.15298769246872382
60d,mkt_volume_mean_60d,시장 거래량 로그값 60일 이동평균,market_internal,시장 내부,data.processed.targets.market_vwap_targets,2060,0.19383519110077127,0.1529457692938813,0.15345709467168922,0.35330716895607095,0.02414140304313715,0.1354058515647976,0.1529457692938813
60d,epsis_fuel_cost_monthly__fuel_cost_anthracite_krw_per_kwh,EPSIS 발전연료비 발전연료비(무연탄),power_epsis,전력/EPSIS,raw.epsis_fuel_cost_monthly,2074,-0.09491789718379172,-0.15186477018603445,0.02128686962004844,-0.029421144148919814,0.16231328502535683,0.08111846195756629,0.15186477018603445
60d,kma_asos_weather_station_daily__precip_mm,KMA 관측소 ASOS 기상 강수량(mm),weather_kma,기상/KMA,raw.kma_asos_weather_station_daily,2074,0.08214287618802674,0.14936140457789232,0.16563492926693113,0.17177242534081902,0.04052821122105789,0.06047442388516205,0.14936140457789232
60d,kma_asos_weather_daily__precip_mm,KMA 전국 ASOS 기상 강수량(mm),weather_kma,기상/KMA,raw.kma_asos_weather_daily,2074,0.08214287618802675,0.1493314809031095,0.16556439874555987,0.17174266510735822,0.0405742203342656,0.060429827604435674,0.1493314809031095
60d,mkt_volume_lag_60d,시장 거래량 로그값 60일 전 값,market_internal,시장 내부,data.processed.targets.market_vwap_targets,2020,0.041830379781029374,0.14889737155109783,0.19225920065867821,0.10411025440882783,-0.011886493432076237,0.08360020378126491,0.14889737155109783
60d,epsis_power_supply_daily__supply_capacity_mw,EPSIS 전력수급 공급능력(MW),power_epsis,전력/EPSIS,raw.epsis_power_supply_daily,2074,0.12776588806435138,0.14341753128923027,-0.007140015000761824,0.2312546487528661,0.27142953456714924,0.12294851275719934,0.14341753128923027
60d,epsis_power_supply_daily__reserve_margin_pct,EPSIS 전력수급 공급예비율(%),power_epsis,전력/EPSIS,raw.epsis_power_supply_daily,2074,-0.14802012436960166,-0.13584859692088874,-0.1863145881848527,-0.10042447998435777,-0.2434323678767482,0.058775285285065135,0.13584859692088874
60d,epsis_power_trade_volume_monthly__trade_volume_lng_gwh,EPSIS 전력거래량 전력거래량(LNG),power_epsis,전력/EPSIS,raw.epsis_power_trade_volume_monthly,2074,-0.06516606104973442,-0.13569645497369798,0.05650696258494024,-0.14695075064880198,-0.38242188156240187,0.17935075032911693,0.13569645497369798
60d,krx_auction_monthly__auct_trd_rto,KRX 배출권 경매 경매 체결률,auction,KRX 경매,raw.krx_auction_monthly,1673,0.03959624728758044,0.13404146176028706,0.02839456661691645,-0.2972726827727381,0.03423740111832015,0.15491654805858496,0.13404146176028706
60d,epsis_fuel_cost_monthly__heat_price_oil_krw_per_gcal,EPSIS 발전연료비 열량단가(유류),power_epsis,전력/EPSIS,raw.epsis_fuel_cost_monthly,2074,-0.09638795979276321,-0.13182487768740273,0.0016265088476589559,0.07147725134548848,0.03980294328839752,0.02855759903734827,0.13182487768740273
60d,epsis_power_trade_volume_monthly__trade_volume_market_ppa_total_gwh,EPSIS 전력거래량 전력거래량(시장+PPA 합계),power_epsis,전력/EPSIS,raw.epsis_power_trade_volume_monthly,2074,-0.1264639378162644,-0.12796905358213348,0.08995067389216291,-0.20326747557383198,-0.3056081245087419,0.16763626450444846,0.12796905358213348
60d,epsis_power_trade_volume_monthly__trade_volume_other_gwh,EPSIS 전력거래량 전력거래량(기타),power_epsis,전력/EPSIS,raw.epsis_power_trade_volume_monthly,2074,-0.16025255257857854,-0.12753051830165346,-0.06714779547958112,-0.23697857582656387,0.07115420337221652,0.12601399677832623,0.12753051830165346
60d,kma_asos_weather_daily__is_precip_day,KMA 전국 ASOS 기상 강수일 여부,weather_kma,기상/KMA,raw.kma_asos_weather_daily,2074,0.09500506064397829,0.12422913260875278,0.1304265286876872,0.1702919724523986,-0.0042619856604230785,0.07468402610458365,0.12422913260875278
60d,kma_asos_weather_station_daily__is_precip_day,KMA 관측소 ASOS 기상 강수일 여부,weather_kma,기상/KMA,raw.kma_asos_weather_station_daily,2074,0.09500506064397829,0.12422913260875278,0.1304265286876872,0.1702919724523986,-0.0042619856604230785,0.07468402610458365,0.12422913260875278
60d,mkt_volume_lag_20d,시장 거래량 로그값 20일 전 값,market_internal,시장 내부,data.processed.targets.market_vwap_targets,2060,0.011915805258928942,0.11687630561578091,0.02656176539004563,0.24902819384075284,0.11859531640372903,0.0912714034662577,0.11687630561578091
60d,epsis_fuel_cost_monthly__fuel_price_bituminous_coal_krw_per_ton,EPSIS 발전연료비 연료가격(유연탄),power_epsis,전력/EPSIS,raw.epsis_fuel_cost_monthly,2074,-0.18028514470205015,-0.11604375564868936,0.3448204991698192,-0.023812717170786386,-0.2289178111410417,0.23737785080624535,0.11604375564868936
60d,commodities_monthly__coal_newcastle,원자재 월별 가격 뉴캐슬 석탄 가격,external_market,외부시장,raw.commodities_monthly,2074,-0.15507860239883736,-0.11519805962399872,0.2351411887552502,-0.09621713479429163,-0.12116092271058732,0.16240269762954818,0.11519805962399872
60d,epsis_smp_monthly__smp_jeju_krw_per_kwh,EPSIS SMP 제주 SMP(원/kWh),power_epsis,전력/EPSIS,raw.epsis_smp_monthly,2074,-0.199123034152415,-0.11426478415338441,0.3390790518286468,0.009445008776652325,-0.20539646243980078,0.2239218727173348,0.11426478415338441
60d,epsis_fuel_cost_monthly__heat_price_bituminous_coal_krw_per_gcal,EPSIS 발전연료비 열량단가(유연탄),power_epsis,전력/EPSIS,raw.epsis_fuel_cost_monthly,2074,-0.17176631946209497,-0.11131140375494272,0.35363722419946314,-0.01743587127890793,-0.24390818698469108,0.24631629855314083,0.11131140375494272
60d,epsis_fuel_cost_monthly__fuel_cost_bituminous_coal_krw_per_kwh,EPSIS 발전연료비 발전연료비(유연탄),power_epsis,전력/EPSIS,raw.epsis_fuel_cost_monthly,2074,-0.17195783712098753,-0.11117414866549155,0.3508872169830209,-0.01743587127890793,-0.24241968742962608,0.2445614436996838,0.11117414866549155
60d,epsis_power_trade_volume_monthly__trade_volume_renewable_total_gwh,EPSIS 전력거래량 전력거래량(재생에너지 합계),power_epsis,전력/EPSIS,raw.epsis_power_trade_volume_monthly,2074,0.10427285923196657,0.10474351504429831,0.3609371878061573,0.07407264314091025,0.4132314326109659,0.14909156004896165,0.10474351504429831
60d,mkt_logret_mean_20d,시장 VWAP 로그수익률 20일 이동평균,market_internal,시장 내부,data.processed.targets.market_vwap_targets,2071,-0.021090712394439978,0.10416626935876944,0.11603162719188646,-0.1733215150791115,-0.011539062406114431,0.11840283582353761,0.10416626935876944
60d,epsis_power_supply_daily__reserve_capacity_mw,EPSIS 전력수급 공급예비력(MW),power_epsis,전력/EPSIS,raw.epsis_power_supply_daily,2074,-0.11054140300339899,-0.1009613742199215,-0.1819508008180586,-0.03110890465149242,-0.16640656980411744,0.0677416324908199,0.1009613742199215
60d,mkt_volume_mean_20d,시장 거래량 로그값 20일 이동평균,market_internal,시장 내부,data.processed.targets.market_vwap_targets,2072,0.13553743413092983,0.09972036086191675,-0.06717264353556718,0.4042195349520364,0.14356153142280312,0.1928044701068127,0.09972036086191675
60d,eua_daily__acc_trdvol,EUA 일별 가격 거래량,external_market,외부시장,raw.eua_daily,2063,-0.12074050925593416,-0.09927293300800501,0.04210450446377529,-0.30210191115943136,-0.016974509244311955,0.15028344395388413,0.09927293300800501
60d,mkt_volume_std_60d,시장 거래량 로그값 60일 이동 표준편차,market_internal,시장 내부,data.processed.targets.market_vwap_targets,2060,-0.05643537354283528,-0.09661292686602968,-0.05332641455423935,-0.21884997948550308,-0.42251794448326246,0.15098972602473307,0.09661292686602968
60d,epsis_fuel_cost_monthly__fuel_cost_oil_krw_per_kwh,EPSIS 발전연료비 발전연료비(유류),power_epsis,전력/EPSIS,raw.epsis_fuel_cost_monthly,2074,-0.07282307009668637,-0.09536359923939887,0.1139169003427358,0.06645960957445513,0.11909950468257091,0.023687813068706515,0.09536359923939887
60d,mkt_logret_mean_5d,시장 VWAP 로그수익률 5일 이동평균,market_internal,시장 내부,data.processed.targets.market_vwap_targets,2074,-0.037799523346957214,0.09330748867080849,0.07282556215444602,-0.06973057287338362,0.04885019682707545,0.06232394645845474,0.09330748867080849
60d,eua_daily__hpr,EUA 일별 가격 고가,external_market,외부시장,raw.eua_daily,2074,-0.029170923360463435,-0.09122628438486911,0.22902252096094705,0.1003693024605508,0.32542594504447264,0.0921928914930755,0.09122628438486911
60d,epsis_power_trade_volume_monthly__trade_volume_bio_gwh,EPSIS 전력거래량 전력거래량(바이오),power_epsis,전력/EPSIS,raw.epsis_power_trade_volume_monthly,2074,-0.03184164030703608,-0.0859418379091475,0.19665886271931518,0.0652441458323204,-0.25664608065050676,0.1904289069452232,0.0859418379091475
60d,eua_daily__clsprc,EUA 일별 가격 종가,external_market,외부시장,raw.eua_daily,2074,-0.02561255263346515,-0.08517647058776057,0.23080343523447,0.1143891295271543,0.3251288224826653,0.08619150991949484,0.08517647058776057
60d,eua_daily__opr,EUA 일별 가격 시가,external_market,외부시장,raw.eua_daily,2074,-0.025791776132104753,-0.08486360610539617,0.2333496170070962,0.10499361218706693,0.33089542184261805,0.0925095043886014,0.08486360610539617
60d,kma_asos_weather_station_daily__sunshine_hours,KMA 관측소 ASOS 기상 일조시간,weather_kma,기상/KMA,raw.kma_asos_weather_station_daily,2074,-0.060955355119044596,-0.08065455157566928,-0.1297374456029881,-0.06812208371487907,0.03788841394363487,0.06922837185171395,0.08065455157566928
60d,kma_asos_weather_daily__sunshine_hours,KMA 전국 ASOS 기상 일조시간,weather_kma,기상/KMA,raw.kma_asos_weather_daily,2074,-0.060955355119044596,-0.08064886145182248,-0.12973811612462244,-0.06815599846431733,0.03786363656553721,0.06922015420397978,0.08064886145182248
60d,eua_daily__lpr,EUA 일별 가격 저가,external_market,외부시장,raw.eua_daily,2074,-0.02112665492377526,-0.07848953186918414,0.23406667828078148,0.12183516076584226,0.32896487605876945,0.08465898943050244,0.07848953186918414
60d,mkt_daily_logret,시장 VWAP 일간 로그수익률,market_internal,시장 내부,data.processed.targets.market_vwap_targets,2074,-0.007610361580466686,0.07670776348824047,0.04844747170139354,-0.009238995036996218,0.07063010415611573,0.0336631526768427,0.07670776348824047
60d,mkt_volume_lag_5d,시장 거래량 로그값 5일 전 값,market_internal,시장 내부,data.processed.targets.market_vwap_targets,2073,0.027878166730783194,0.07391931065579603,-0.0637097667892692,0.3141600969682083,0.182785414949366,0.15663290970787905,0.07391931065579603
60d,epsis_power_trade_volume_monthly__trade_volume_anthracite_gwh,EPSIS 전력거래량 전력거래량(무연탄),power_epsis,전력/EPSIS,raw.epsis_power_trade_volume_monthly,2074,0.052190732913157636,0.07241501127940797,0.11098955054804995,-0.035193473968260544,-0.07561638766135086,0.08015628122832294,0.07241501127940797
60d,commodities_monthly__natgas_europe,원자재 월별 가격 유럽 천연가스 가격,external_market,외부시장,raw.commodities_monthly,2074,-0.12069685268350795,-0.0704861849842366,0.20955385103422886,-0.20104082685220415,-0.020086572745327134,0.16801691575608754,0.0704861849842366
60d,mkt_volume_mean_5d,시장 거래량 로그값 5일 이동평균,market_internal,시장 내부,data.processed.targets.market_vwap_targets,2074,0.0971537388535705,0.06848719224774756,-0.10284076286336195,0.34812767284515556,0.2073775388804291,0.1883904116908046,0.06848719224774756
60d,epsis_power_trade_volume_monthly__trade_volume_oil_gwh,EPSIS 전력거래량 전력거래량(유류),power_epsis,전력/EPSIS,raw.epsis_power_trade_volume_monthly,2074,0.005628742224499743,-0.06570690176670749,-0.0719604273369358,-0.24273135571343057,-0.3774372306775776,0.12499976004761124,0.06570690176670749
60d,epsis_fuel_cost_monthly__fuel_price_oil_krw_per_kl,EPSIS 발전연료비 연료가격(유류),power_epsis,전력/EPSIS,raw.epsis_fuel_cost_monthly,2074,-0.06289825543184245,-0.06204455957327053,0.2697208453983072,0.08294003610595511,0.011217955699548199,0.10896221134989764,0.06204455957327053
60d,krx_auction_monthly__acc_trdvol,KRX 배출권 경매 거래량,auction,KRX 경매,raw.krx_auction_monthly,1673,-0.05271936074379062,-0.06200578681488997,-0.13826879615689633,-0.11910521673701116,-0.18617584561284609,0.028207165010875918,0.06200578681488997
60d,mkt_logret_lag_1d,시장 VWAP 로그수익률 1일 전 값,market_internal,시장 내부,data.processed.targets.market_vwap_targets,2074,-0.025014121245250282,0.06072307515058131,0.0548248410733645,-0.047162637248869536,0.05246793512689467,0.04753157043492375,0.06072307515058131
60d,epsis_power_trade_volume_monthly__trade_volume_ocean_gwh,EPSIS 전력거래량 전력거래량(해양),power_epsis,전력/EPSIS,raw.epsis_power_trade_volume_monthly,2074,-0.1317788065299511,-0.05772417532908248,-0.08094873223008414,-0.12044014499209293,-0.1464074335160023,0.026912849738166936,0.05772417532908248
60d,mkt_volume_lag_1d,시장 거래량 로그값 1일 전 값,market_internal,시장 내부,data.processed.targets.market_vwap_targets,2074,0.02987548581253302,0.05740318196035772,-0.07148503769329442,0.2693089924821421,0.17982481101208597,0.14426234967081614,0.05740318196035772
60d,epsis_power_trade_volume_monthly__trade_volume_solar_gwh,EPSIS 전력거래량 전력거래량(태양광),power_epsis,전력/EPSIS,raw.epsis_power_trade_volume_monthly,2074,0.08737019295344513,0.05676104004680411,0.17792910089159805,0.31568960256598677,0.21134224790332937,0.058673072225966405,0.05676104004680411
60d,oil_daily__brent,국제유가 일별 가격 브렌트유 가격,external_market,외부시장,raw.oil_daily,2074,0.05446026716948947,-0.05538292479718077,0.36810663642674163,0.09522250397731123,-0.20079641283134797,0.23231770112556416,0.05538292479718077
60d,oil_daily__wti,국제유가 일별 가격 WTI 가격,external_market,외부시장,raw.oil_daily,2073,0.04421727455519592,-0.053754763203073146,0.35331425368223834,0.08517735425780122,-0.21445584437441106,0.2319100244114751,0.053754763203073146
60d,mkt_total_trdvol,시장 총 거래량,market_internal,시장 내부,data.processed.targets.market_vwap_targets,2074,0.027462873730520244,0.05090094322969733,-0.07738395861319272,0.254631777034366,0.1891087320755806,0.14358353059719584,0.05090094322969733
60d,mkt_total_trdvol_log1p,시장 총 거래량 로그값,market_internal,시장 내부,data.processed.targets.market_vwap_targets,2074,0.07182116191099182,0.05090094322969733,-0.07738395861319272,0.254631777034366,0.1891087320755806,0.14358353059719584,0.05090094322969733
60d,epsis_power_supply_daily__day,EPSIS 전력수급 일자 보조값,power_epsis,전력/EPSIS,raw.epsis_power_supply_daily,2074,0.05037755011628716,0.05007515629163431,-0.009077862593314973,0.029302168325234943,0.17945650397031335,0.08135283827724504,0.05007515629163431
60d,mkt_logret_mean_60d,시장 VWAP 로그수익률 60일 이동평균,market_internal,시장 내부,data.processed.targets.market_vwap_targets,2059,-0.029083368220667302,0.04618046687981131,0.14919424406377868,-0.48284444911372026,0.1530544677943522,0.29885991581445914,0.04618046687981131
60d,mkt_logret_vol_60d,시장 VWAP 로그수익률 60일 이동 변동성,market_internal,시장 내부,data.processed.targets.market_vwap_targets,2059,-0.016667523547147147,-0.0430510412827625,0.13027996855128085,0.23835968683326297,-0.40983912197785033,0.2835433639580989,0.0430510412827625
60d,mkt_logret_vol_5d,시장 VWAP 로그수익률 5일 이동 변동성,market_internal,시장 내부,data.processed.targets.market_vwap_targets,2074,0.17978240817023586,0.04107441889930534,0.037191604950101674,0.3621840174601447,0.09136149743086161,0.1421655071447386,0.04107441889930534
60d,kma_asos_weather_daily__avg_wind_speed_mps,KMA 전국 ASOS 기상 평균 풍속(m/s),weather_kma,기상/KMA,raw.kma_asos_weather_daily,2074,-0.01783428720059497,-0.03973635901650563,-0.13130916921278674,0.02025912896397864,0.10264976092862411,0.09689510149334352,0.03973635901650563
60d,kma_asos_weather_station_daily__avg_wind_speed_mps,KMA 관측소 ASOS 기상 평균 풍속(m/s),weather_kma,기상/KMA,raw.kma_asos_weather_station_daily,2074,-0.01783428720059496,-0.03955445174240882,-0.1313012792562221,0.020212611075403706,0.10272352195318356,0.09691469155820992,0.03955445174240882
60d,mkt_logret_lag_20d,시장 VWAP 로그수익률 20일 전 값,market_internal,시장 내부,data.processed.targets.market_vwap_targets,2059,0.001614047517823211,0.039375719166916394,0.0242005954032192,-0.07574390869888621,0.0009901440537278688,0.042707979743451835,0.039375719166916394
60d,krx_auction_monthly__onewayauct_appl_qty,KRX 배출권 경매 단일가 경매 신청수량,auction,KRX 경매,raw.krx_auction_monthly,1673,0.05879529849705825,-0.0364694907843419,0.03833803318399244,0.07556198723268608,-0.23168776560778365,0.1369111493668981,0.0364694907843419
60d,mkt_volume_std_5d,시장 거래량 로그값 5일 이동 표준편차,market_internal,시장 내부,data.processed.targets.market_vwap_targets,2074,0.03193409536588145,0.03314906072712911,-0.08223209799714683,0.08014576640197144,0.0010106593921622824,0.06629755539824289,0.03314906072712911
60d,mkt_logret_lag_5d,시장 VWAP 로그수익률 5일 전 값,market_internal,시장 내부,data.processed.targets.market_vwap_targets,2072,0.001035441079049118,0.02856853116201697,0.012134417806076384,-0.04313644091200136,-0.0020925645203101854,0.023432822751207217,0.02856853116201697
60d,epsis_fuel_cost_monthly__fuel_price_anthracite_krw_per_ton,EPSIS 발전연료비 연료가격(무연탄),power_epsis,전력/EPSIS,raw.epsis_fuel_cost_monthly,2074,-0.0859209598659702,-0.02410486224901609,-0.013382819505094675,-0.10214969182409649,0.2012471837822905,0.1273644203152506,0.02410486224901609
60d,mkt_logret_vol_20d,시장 VWAP 로그수익률 20일 이동 변동성,market_internal,시장 내부,data.processed.targets.market_vwap_targets,2071,0.15366451692353403,0.02332299945043987,0.033426386693541935,0.3575151270509079,0.06748104262555131,0.14541626125847082,0.02332299945043987
60d,epsis_power_trade_volume_monthly__trade_volume_fuel_cell_gwh,EPSIS 전력거래량 전력거래량(연료전지),power_epsis,전력/EPSIS,raw.epsis_power_trade_volume_monthly,2074,0.052862608580606006,0.01930249976164009,0.10111680804243388,0.33305268486050515,0.3671625410835823,0.1181985454489975,0.01930249976164009
60d,epsis_power_trade_volume_monthly__trade_volume_bituminous_coal_gwh,EPSIS 전력거래량 전력거래량(유연탄),power_epsis,전력/EPSIS,raw.epsis_power_trade_volume_monthly,2074,-0.03418825244208973,-0.01595738084478507,0.13149299648679533,-0.3187507213554972,-0.08056779379567656,0.18391431918533369,0.01595738084478507
60d,epsis_power_trade_volume_monthly__trade_volume_pumped_storage_gwh,EPSIS 전력거래량 전력거래량(양수),power_epsis,전력/EPSIS,raw.epsis_power_trade_volume_monthly,2074,0.013696260837463677,-0.014615025130756576,-0.056760397837029984,-0.13787468912261788,-0.18656236683471733,0.05353977687190156,0.014615025130756576
60d,epsis_fuel_cost_monthly__fuel_price_nuclear_krw_per_kwh,EPSIS 발전연료비 연료가격(원자력),power_epsis,전력/EPSIS,raw.epsis_fuel_cost_monthly,2074,-0.04244833209287271,0.012830268028941636,0.13134851134446773,0.27028114675165943,0.334892025256577,0.08492271313641854,0.012830268028941636
60d,epsis_fuel_cost_monthly__fuel_cost_nuclear_krw_per_kwh,EPSIS 발전연료비 발전연료비(원자력),power_epsis,전력/EPSIS,raw.epsis_fuel_cost_monthly,2074,-0.042500250762113445,0.012791202193835706,0.13134851134446773,0.27448763055324826,0.33648960201335354,0.08590428717384976,0.012791202193835706
60d,epsis_power_trade_volume_monthly__trade_volume_coal_total_gwh,EPSIS 전력거래량 전력거래량(석탄 합계),power_epsis,전력/EPSIS,raw.epsis_power_trade_volume_monthly,2074,-0.031391419642824304,-0.012055093531777847,0.12725694411053523,-0.31054302322513017,-0.08047244063533199,0.17880864435330965,0.012055093531777847
60d,epsis_power_supply_daily__installed_capacity_mw,EPSIS 전력수급 설비용량(MW),power_epsis,전력/EPSIS,raw.epsis_power_supply_daily,2074,0.03521376377168253,0.00870624597547663,0.11237978450392576,0.14561717991993414,0.3228755780775667,0.09239633427291293,0.00870624597547663
60d,kma_asos_weather_daily__solar_radiation_mj_m2,KMA 전국 ASOS 기상 일사량(MJ/m²),weather_kma,기상/KMA,raw.kma_asos_weather_daily,2074,0.005667782359595548,0.007436014207370967,-0.04623478578180056,0.0544126679199266,0.05445530935821881,0.04745571855745537,0.007436014207370967
60d,kma_asos_weather_station_daily__solar_radiation_mj_m2,KMA 관측소 ASOS 기상 일사량(MJ/m²),weather_kma,기상/KMA,raw.kma_asos_weather_station_daily,2074,0.005667782359595573,0.007435872976390969,-0.046232471225622476,0.0544126679199266,0.05445530935821881,0.047454627465282805,0.007435872976390969
60d,mkt_logret_lag_60d,시장 VWAP 로그수익률 60일 전 값,market_internal,시장 내부,data.processed.targets.market_vwap_targets,2019,-0.01778586321188793,0.00580724557749107,-0.006589447755551475,-0.10780690720179968,0.07535240887842044,0.0749123762452205,0.00580724557749107
60d,mkt_total_trdval,시장 총 거래대금,market_internal,시장 내부,data.processed.targets.market_vwap_targets,2074,-0.01457530185589138,-0.004924119929536489,-0.10726841253331135,0.1279431928207166,0.18177061963189134,0.12550584461172778,0.004924119929536489
60d,mkt_total_trdval_log1p,시장 총 거래대금 로그값,market_internal,시장 내부,data.processed.targets.market_vwap_targets,2074,-0.0024046372034756784,-0.004924119929536489,-0.10726841253331135,0.1279431928207166,0.18177061963189134,0.12550584461172778,0.004924119929536489
60d,krx_auction_monthly__auct_trd_qty,KRX 배출권 경매 경매 체결수량,auction,KRX 경매,raw.krx_auction_monthly,1673,-0.03485466540460921,-0.002719940555736706,-0.03306428315956257,-0.11758074974185447,-0.23099708272417005,0.0810923279383816,0.002719940555736706
60d,mkt_volume_std_20d,시장 거래량 로그값 20일 이동 표준편차,market_internal,시장 내부,data.processed.targets.market_vwap_targets,2072,0.005529446548996806,0.002587901980730269,-0.10114971012833057,-0.0025190119279878687,-0.12456578728255033,0.052885350493335516,0.002587901980730269
60d,epsis_fuel_cost_monthly__heat_price_nuclear_krw_per_gcal,EPSIS 발전연료비 열량단가(원자력),power_epsis,전력/EPSIS,raw.epsis_fuel_cost_monthly,2074,-0.04494301301596735,0.0021556598548608595,0.12898117636926468,0.30031867208265756,0.228312876947216,0.07024414464338874,0.0021556598548608595
60d,epsis_smp_monthly__blmp_krw_per_kwh,EPSIS SMP BLMP(원/kWh),power_epsis,전력/EPSIS,raw.epsis_smp_monthly,2074,,,,,,,
60d,kma_asos_weather_daily__station_count,KMA 전국 ASOS 기상 관측소 수,weather_kma,기상/KMA,raw.kma_asos_weather_daily,2074,,,,,,,
